TransactionID,EmployeeID,Amount,Date,PaymentMethod
TX0001,EMP042,22909.0,2026-07-29,UPI
TX0002,EMP010,12339.0,2026-07-05,UPI
TX0003,EMP041,21144.0,2026-07-31,UPI
TX0004,EMP001,26921.0,2026-07-05,Net Banking
TX0005,EMP040,18513.0,2026-07-03,Net Banking
TX0006,EMP040,20312.0,2026-07-05,Cash
TX0007,EMP040,8012.0,2026-07-19,UPI
TX0008,EMP034,7510.0,2026-07-26,Net Banking
TX0009,EMP024,12742.0,2026-07-17,Card
TX0010,EMP036,25657.0,2026-07-06,Net Banking
TX0011,EMP014,15963.0,2026-07-09,Card
TX0012,EMP040,10766.0,2026-08-04,Net Banking
TX0013,EMP028,23498.0,2026-08-09,Net Banking
TX0014,EMP023,25673.0,2026-07-31,UPI
TX0015,EMP026,27124.0,2026-07-05,Cash
TX0016,EMP029,9318.0,2026-08-03,Card
TX0017,EMP002,21434.0,2026-07-29,Card
TX0018,EMP007,17914.0,2026-07-22,Card
TX0019,EMP013,13744.0,2026-07-06,Cash
TX0020,EMP006,12209.0,2026-08-10,Card
TX0021,EMP022,3879.0,2026-07-19,Cash
TX0022,EMP034,8607.0,2026-07-02,Cash
TX0023,EMP033,16715.0,2026-07-09,Net Banking
TX0024,EMP024,26653.0,2026-07-17,Net Banking
TX0025,EMP043,26057.0,2026-07-03,UPI
TX0026,EMP029,6034.0,2026-07-14,Net Banking
TX0027,EMP004,20540.0,2026-07-20,UPI
TX0028,EMP039,3001.0,2026-08-08,Cash
TX0029,EMP029,20412.0,2026-07-04,Card
TX0030,EMP032,10586.0,2026-07-24,Cash
TX0031,EMP007,273728.0,2026-08-07,Cash
TX0032,EMP028,21670.0,2026-08-03,Net Banking
TX0033,EMP005,13034.0,2026-08-07,Card
TX0034,EMP028,24319.0,2026-07-07,Net Banking
TX0035,EMP040,16240.0,2026-08-02,Card
TX0036,EMP016,29962.0,2026-08-10,UPI
TX0037,EMP031,19328.0,2026-07-14,Card
TX0038,EMP002,9242.0,2026-07-21,Cash
TX0039,EMP018,23370.0,2026-07-22,Cash
TX0040,EMP022,12534.0,2026-07-21,Net Banking
TX0041,EMP050,16257.0,2026-07-12,UPI
TX0042,EMP011,4536.0,2026-08-09,Card
TX0043,EMP014,4020.0,2026-08-09,Net Banking
TX0044,EMP021,17458.0,2026-07-16,Card
TX0045,EMP050,6007.0,2026-08-03,UPI
TX0046,EMP043,29928.0,2026-07-17,Net Banking
TX0047,EMP002,25742.0,2026-08-02,Card
TX0048,EMP012,21175.0,2026-07-24,Net Banking
TX0049,EMP042,22173.0,2026-07-20,Net Banking
TX0050,EMP003,18058.0,2026-07-06,Net Banking
TX0051,EMP043,2278.0,2026-07-27,Cash
TX0052,EMP015,12074.0,2026-07-14,Net Banking
TX0053,EMP046,15126.0,2026-07-09,Net Banking
TX0054,EMP015,27501.0,2026-07-08,Card
TX0055,EMP022,6974.0,2026-08-10,UPI
TX0056,EMP034,15159.0,2026-07-05,Card
TX0057,EMP007,10649.0,2026-08-02,Cash
TX0058,EMP028,4463.0,2026-08-05,Cash
TX0059,EMP026,3539.0,2026-07-02,UPI
TX0060,EMP040,11278.0,2026-07-25,Cash
TX0061,EMP050,2931.0,2026-07-24,UPI
TX0062,EMP034,2481.0,2026-07-15,Cash
TX0063,EMP021,10850.0,2026-07-28,Cash
TX0064,EMP021,6458.0,2026-07-17,Cash
TX0065,EMP021,16866.0,2026-07-19,Card
TX0066,EMP041,1021.0,2026-07-18,Card
TX0067,EMP017,9403.0,2026-08-02,Cash
TX0068,EMP009,13871.0,2026-07-26,Cash
TX0069,EMP017,28912.0,2026-07-16,Net Banking
TX0070,EMP002,19218.0,2026-08-07,Card
TX0071,EMP006,26481.0,2026-08-02,Card
TX0072,EMP005,10627.0,2026-08-08,Card
TX0073,EMP039,13766.0,2026-07-30,Cash
TX0074,EMP037,12901.0,2026-07-17,UPI
TX0075,EMP035,26678.0,2026-08-01,Card
TX0076,EMP024,28796.0,2026-07-14,UPI
TX0077,EMP036,28888.0,2026-07-12,Cash
TX0078,EMP009,22682.0,2026-07-19,Net Banking
TX0079,EMP046,15341.0,2026-08-09,Net Banking
TX0080,EMP026,16455.0,2026-07-24,Card
TX0081,EMP047,29425.0,2026-07-16,UPI
TX0082,EMP008,8893.0,2026-07-19,UPI
TX0083,EMP025,10727.0,2026-07-12,UPI
TX0084,EMP035,26961.0,2026-07-28,Net Banking
TX0085,EMP025,11896.0,2026-07-15,Net Banking
TX0086,EMP023,7435.0,2026-07-23,Cash
TX0087,EMP009,17033.0,2026-07-16,UPI
TX0088,EMP020,10097.0,2026-07-14,UPI
TX0089,EMP012,26780.0,2026-08-09,Net Banking
TX0090,EMP016,27317.0,2026-07-15,Card
TX0091,EMP035,9527.0,2026-07-03,UPI
TX0092,EMP032,16121.0,2026-07-16,UPI
TX0093,EMP031,29527.0,2026-07-22,Card
TX0094,EMP019,22398.0,2026-07-04,Cash
TX0095,EMP048,6861.0,2026-07-13,Net Banking
TX0096,EMP005,17926.0,2026-07-07,Card
TX0097,EMP018,18786.0,2026-07-21,Cash
TX0098,EMP006,19776.0,2026-07-30,UPI
TX0099,EMP017,1237.0,2026-08-09,UPI
TX0100,EMP049,9331.0,2026-07-16,UPI
TX0101,EMP019,25711.0,2026-08-05,Net Banking
TX0102,EMP046,7620.0,2026-07-09,Cash
TX0103,EMP025,9341.0,2026-08-02,Net Banking
TX0104,EMP035,10013.0,2026-07-24,UPI
TX0105,EMP023,5732.0,2026-08-01,UPI
TX0106,EMP014,5085.0,2026-07-31,Net Banking
TX0107,EMP039,10736.0,2026-07-22,UPI
TX0108,EMP049,26292.0,2026-07-11,UPI
TX0109,EMP014,545.0,2026-07-22,Cash
TX0110,EMP039,8855.0,2026-08-03,Cash
TX0111,EMP014,2288.0,2026-08-09,UPI
TX0112,EMP036,17063.0,2026-08-08,Card
TX0113,EMP040,7892.0,2026-07-08,Cash
TX0114,EMP023,23863.0,2026-07-25,Card
TX0115,EMP037,17757.0,2026-07-05,Card
TX0116,EMP014,23622.0,2026-07-28,UPI
TX0117,EMP004,19229.0,2026-08-10,Card
TX0118,EMP005,13432.0,2026-07-03,Net Banking
TX0119,EMP023,25898.0,2026-07-27,Cash
TX0120,EMP046,14549.0,2026-08-08,Net Banking
TX0121,EMP007,28523.0,2026-08-04,UPI
TX0122,EMP007,106966.0,2026-07-17,UPI
TX0123,EMP036,17876.0,2026-07-05,Cash
TX0124,EMP011,20400.0,2026-08-07,UPI
TX0125,EMP037,8042.0,2026-08-07,Cash
TX0126,EMP007,91185.0,2026-07-24,Net Banking
TX0127,EMP041,,2026-08-10,Card
TX0128,EMP029,27125.0,2026-07-01,Cash
TX0129,EMP028,8376.0,2026-07-26,Cash
TX0130,EMP009,23733.0,2026-07-02,UPI
TX0131,EMP024,14373.0,2026-08-08,Net Banking
TX0132,EMP043,5962.0,2026-07-28,UPI
TX0133,EMP001,5550.0,2026-08-07,Net Banking
TX0134,EMP038,17084.0,2026-07-24,Cash
TX0135,EMP025,9923.0,2026-07-04,UPI
TX0136,EMP036,3505.0,2026-07-02,Cash
TX0137,EMP034,13100.0,2026-07-14,UPI
TX0138,EMP022,19761.0,2026-07-31,Cash
TX0139,EMP016,9909.0,2026-07-07,Net Banking
TX0140,EMP032,28682.0,2026-08-04,Net Banking
TX0141,EMP008,23496.0,2026-07-10,Net Banking
TX0142,EMP030,15625.0,2026-07-21,Card
TX0143,EMP005,28072.0,2026-07-09,Cash
TX0144,EMP033,13272.0,2026-07-20,Card
TX0145,EMP032,4620.0,2026-07-19,Net Banking
TX0146,EMP005,1557.0,2026-07-01,Card
TX0147,EMP038,28171.0,2026-07-24,Net Banking
TX0148,EMP021,28813.0,2026-08-02,Card
TX0149,EMP040,22307.0,2026-08-08,Cash
TX0150,EMP003,3538.0,2026-07-14,UPI
TX0151,EMP009,9162.0,2026-08-06,Cash
TX0152,EMP025,1711.0,2026-08-06,UPI
TX0153,EMP010,2011.0,2026-08-10,UPI
TX0154,EMP017,7758.0,2026-07-16,Card
TX0155,EMP034,17378.0,2026-08-04,Card
TX0156,EMP008,2433.0,2026-07-24,Cash
TX0157,EMP034,29545.0,2026-07-03,Card
TX0158,EMP006,13925.0,2026-07-12,UPI
TX0159,EMP009,8283.0,2026-07-28,Card
TX0160,EMP030,15724.0,2026-07-07,Card
TX0161,EMP040,23809.0,2026-07-18,Cash
TX0162,EMP009,9720.0,2026-08-01,Cash
TX0163,EMP015,1901.0,2026-07-07,UPI
TX0164,EMP047,2003.0,2026-07-21,Cash
TX0165,EMP050,25633.0,2026-07-09,Cash
TX0166,EMP030,3792.0,2026-07-22,Net Banking
TX0167,EMP023,19249.0,2026-07-10,Cash
TX0168,EMP018,11842.0,2026-08-09,Net Banking
TX0169,EMP031,23436.0,2026-07-04,UPI
TX0170,EMP030,,2026-08-09,Cash
TX0171,EMP015,26984.0,2026-08-02,UPI
TX0172,EMP002,21096.0,2026-08-05,UPI
TX0173,EMP008,13753.0,2026-08-04,Net Banking
TX0174,EMP048,6607.0,2026-07-08,Card
TX0175,EMP021,29325.0,2026-08-08,Cash
TX0176,EMP025,9411.0,2026-07-25,Cash
TX0177,EMP024,14970.0,2026-08-09,Cash
TX0178,EMP040,12126.0,2026-08-06,UPI
TX0179,EMP004,7301.0,2026-07-24,UPI
TX0180,EMP005,12789.0,2026-07-16,UPI
TX0181,EMP014,4968.0,2026-07-05,Net Banking
TX0182,EMP025,548.0,2026-07-05,UPI
TX0183,EMP034,9054.0,2026-07-16,Cash
TX0184,EMP025,3806.0,2026-08-03,Card
TX0185,EMP023,12735.0,2026-07-21,UPI
TX0186,EMP047,25951.0,2026-07-20,Card
TX0187,EMP009,5295.0,2026-07-11,UPI
TX0188,EMP029,536.0,2026-07-24,UPI
TX0189,EMP028,3777.0,2026-07-27,UPI
TX0190,EMP024,15490.0,2026-08-10,Net Banking
TX0191,EMP041,,2026-07-30,Cash
TX0192,EMP014,14940.0,2026-07-25,Net Banking
TX0193,EMP048,1362.0,2026-08-07,Card
TX0194,EMP017,10326.0,2026-07-18,UPI
TX0195,EMP028,12598.0,2026-08-08,Cash
TX0196,EMP027,13224.0,2026-07-16,Net Banking
TX0197,EMP043,16759.0,2026-07-06,Cash
TX0198,EMP022,23527.0,2026-07-18,UPI
TX0199,EMP015,14283.0,2026-07-06,Card
TX0200,EMP002,25315.0,2026-07-05,Net Banking
TX0201,EMP019,16127.0,2026-08-06,Cash
TX0202,EMP042,8180.0,2026-08-02,Net Banking
TX0203,EMP001,7256.0,2026-07-10,Cash
TX0204,EMP045,10013.0,2026-08-04,UPI
TX0205,EMP028,18125.0,2026-07-03,Net Banking
TX0206,EMP008,7653.0,2026-07-12,Net Banking
TX0207,EMP016,27468.0,2026-07-29,Cash
TX0208,EMP028,14655.0,2026-07-13,Net Banking
TX0209,EMP016,25966.0,2026-07-30,UPI
TX0210,EMP006,20656.0,2026-08-05,Net Banking
TX0211,EMP034,10333.0,2026-07-03,UPI
TX0212,EMP034,7233.0,2026-07-01,Net Banking
TX0213,EMP006,22446.0,2026-08-08,UPI
TX0214,EMP015,10256.0,2026-07-22,Cash
TX0215,EMP013,7782.0,2026-07-21,Net Banking
TX0216,EMP033,27946.0,2026-07-20,UPI
TX0217,EMP037,14737.0,2026-07-18,UPI
TX0218,EMP037,1932.0,2026-07-29,Net Banking
TX0219,EMP047,15095.0,2026-07-24,UPI
TX0220,EMP039,14092.0,2026-07-07,Cash
TX0221,EMP017,25987.0,2026-07-26,Net Banking
TX0222,EMP006,21490.0,2026-07-28,Cash
TX0223,EMP031,6145.0,2026-07-05,Card
TX0224,EMP046,4938.0,2026-07-16,Card
TX0225,EMP007,167342.0,2026-08-02,Cash
TX0226,EMP012,1897.0,2026-07-26,Cash
TX0227,EMP012,9910.0,2026-07-06,Cash
TX0228,EMP002,4577.0,2026-07-02,UPI
TX0229,EMP008,1106.0,2026-07-24,Cash
TX0230,EMP028,,2026-07-19,Cash
TX0231,EMP028,3149.0,2026-08-09,Cash
TX0232,EMP019,773.0,2026-07-22,UPI
TX0233,EMP016,28020.0,2026-08-08,Cash
TX0234,EMP042,6055.0,2026-07-09,Cash
TX0235,EMP024,24588.0,2026-07-19,UPI
TX0236,EMP041,1422.0,2026-07-06,Net Banking
TX0237,EMP049,5029.0,2026-07-24,Cash
TX0238,EMP016,3763.0,2026-07-08,Card
TX0239,EMP011,21334.0,2026-07-21,Cash
TX0240,EMP048,18794.0,2026-07-15,Cash
TX0241,EMP032,14527.0,2026-07-08,Cash
TX0242,EMP015,7628.0,2026-07-04,Card
TX0243,EMP032,3121.0,2026-07-21,Net Banking
TX0244,EMP026,17291.0,2026-08-08,Net Banking
TX0245,EMP046,7306.0,2026-07-09,UPI
TX0246,EMP013,17910.0,2026-07-17,Cash
TX0247,EMP050,20780.0,2026-07-10,UPI
TX0248,EMP047,25558.0,2026-08-03,Card
TX0249,EMP010,15072.0,2026-07-18,Net Banking
TX0250,EMP009,639.0,2026-08-09,UPI
TX0251,EMP027,8779.0,2026-07-11,Card
TX0252,EMP003,25674.0,2026-07-04,UPI
TX0253,EMP015,16230.0,2026-07-24,Cash
TX0254,EMP022,18764.0,2026-07-27,Card
TX0255,EMP049,14005.0,2026-08-10,Cash
TX0256,EMP050,5300.0,2026-08-05,Net Banking
TX0257,EMP008,26952.0,2026-08-06,Cash
TX0258,EMP045,23301.0,2026-07-27,Cash
TX0259,EMP005,29857.0,2026-07-15,UPI
TX0260,EMP038,25737.0,2026-07-18,UPI
TX0261,EMP043,9088.0,2026-07-06,Net Banking
TX0262,EMP045,8000.0,2026-07-18,Net Banking
TX0263,EMP012,7829.0,2026-07-15,Cash
TX0264,EMP045,27604.0,2026-07-02,Card
TX0265,EMP006,16929.0,2026-07-09,UPI
TX0266,EMP026,13906.0,2026-07-22,Net Banking
TX0267,EMP024,29063.0,2026-07-16,Net Banking
TX0268,EMP016,18301.0,2026-08-10,UPI
TX0269,EMP002,27328.0,2026-07-20,Cash
TX0270,EMP039,29547.0,2026-08-09,Cash
TX0271,EMP017,,2026-07-28,Card
TX0272,EMP034,11165.0,2026-07-02,Net Banking
TX0273,EMP021,22157.0,2026-07-09,UPI
TX0274,EMP019,24488.0,2026-07-29,Card
TX0275,EMP045,4880.0,2026-07-23,UPI
TX0276,EMP005,9892.0,2026-07-13,Cash
TX0277,EMP037,16671.0,2026-07-22,Cash
TX0278,EMP038,24076.0,2026-08-07,Net Banking
TX0279,EMP019,3832.0,2026-07-16,Cash
TX0280,EMP014,18221.0,2026-07-02,UPI
TX0281,EMP001,,2026-07-13,Card
TX0282,EMP047,6882.0,2026-08-08,UPI
TX0283,EMP048,15704.0,2026-08-01,Cash
TX0284,EMP013,12713.0,2026-08-04,Cash
TX0285,EMP002,19253.0,2026-08-07,Net Banking
TX0286,EMP007,9870.0,2026-07-05,Card
TX0287,EMP004,24786.0,2026-07-12,Card
TX0288,EMP042,2804.0,2026-07-03,UPI
TX0289,EMP045,25925.0,2026-07-01,Card
TX0290,EMP008,1380.0,2026-08-04,Card
TX0291,EMP038,22208.0,2026-08-08,Net Banking
TX0292,EMP009,10721.0,2026-07-07,Net Banking
TX0293,EMP019,11808.0,2026-07-30,UPI
TX0294,EMP030,1061.0,2026-07-22,Card
TX0295,EMP036,21211.0,2026-07-03,Cash
TX0296,EMP044,5381.0,2026-08-07,Card
TX0297,EMP003,19945.0,2026-08-05,UPI
TX0298,EMP010,21892.0,2026-07-24,Net Banking
TX0299,EMP015,25434.0,2026-07-30,Cash
TX0300,EMP016,21388.0,2026-07-17,Cash
TX0301,EMP050,9394.0,2026-08-02,Card
TX0302,EMP039,22288.0,2026-07-19,Net Banking
TX0303,EMP017,24865.0,2026-08-10,UPI
TX0304,EMP049,9856.0,2026-07-03,Card
TX0305,EMP025,4163.0,2026-07-08,Net Banking
TX0306,EMP026,26755.0,2026-08-09,Net Banking
TX0307,EMP022,4864.0,2026-07-12,Card
TX0308,EMP008,18018.0,2026-07-13,Cash
TX0309,EMP047,7470.0,2026-08-02,UPI
TX0310,EMP001,4217.0,2026-07-08,UPI
TX0311,EMP009,23404.0,2026-07-22,Card
TX0312,EMP012,4739.0,2026-07-12,Net Banking
TX0313,EMP014,20271.0,2026-07-09,Cash
TX0314,EMP007,20946.0,2026-08-09,Card
TX0315,EMP001,2276.0,2026-07-09,Card
TX0316,EMP034,5601.0,2026-07-04,UPI
TX0317,EMP049,23933.0,2026-07-28,Card
TX0318,EMP007,15465.0,2026-08-05,UPI
TX0319,EMP015,4079.0,2026-07-06,UPI
TX0320,EMP026,29757.0,2026-07-30,Cash
TX0321,EMP047,8317.0,2026-07-23,UPI
TX0322,EMP035,618.0,2026-08-04,UPI
TX0323,EMP039,27762.0,2026-07-06,Cash
TX0324,EMP030,989.0,2026-08-10,Card
TX0325,EMP021,16824.0,2026-07-26,Card
TX0326,EMP010,29795.0,2026-08-04,UPI
TX0327,EMP044,17545.0,2026-07-15,UPI
TX0328,EMP007,79822.0,2026-08-08,Card
TX0329,EMP002,11951.0,2026-07-26,Cash
TX0330,EMP036,4243.0,2026-07-06,Card
TX0331,EMP005,17394.0,2026-08-07,Cash
TX0332,EMP037,26970.0,2026-08-02,Cash
TX0333,EMP042,3187.0,2026-07-13,Card
TX0334,EMP007,26471.0,2026-07-23,Card
TX0335,EMP022,12743.0,2026-07-16,Card
TX0336,EMP007,16317.0,2026-07-23,UPI
TX0337,EMP029,5379.0,2026-08-09,Cash
TX0338,EMP047,18842.0,2026-08-06,Cash
TX0339,EMP005,5879.0,2026-07-09,Card
TX0340,EMP007,214953.0,2026-08-09,Card
TX0341,EMP049,21787.0,2026-07-18,Card
TX0342,EMP016,1990.0,2026-07-29,Cash
TX0343,EMP007,13691.0,2026-08-01,Net Banking
TX0344,EMP025,18039.0,2026-07-20,UPI
TX0345,EMP026,4394.0,2026-07-19,Card
TX0346,EMP034,9195.0,2026-07-19,UPI
TX0347,EMP016,10633.0,2026-08-05,Card
TX0348,EMP048,20076.0,2026-07-16,UPI
TX0349,EMP027,29312.0,2026-07-12,Card
TX0350,EMP015,25169.0,2026-07-15,Card
TX0351,EMP049,6098.0,2026-07-08,Card
TX0352,EMP047,1035.0,2026-07-17,Card
TX0353,EMP025,2031.0,2026-07-05,Net Banking
TX0354,EMP002,18073.0,2026-07-04,Net Banking
TX0355,EMP030,5109.0,2026-07-30,UPI
TX0356,EMP028,7322.0,2026-07-04,Card
TX0357,EMP008,25498.0,2026-07-24,Net Banking
TX0358,EMP032,26279.0,2026-08-01,Cash
TX0359,EMP043,25251.0,2026-07-30,UPI
TX0360,EMP006,7983.0,2026-07-19,Cash
TX0361,EMP037,18780.0,2026-07-08,UPI
TX0362,EMP008,18517.0,2026-08-08,UPI
TX0363,EMP038,5964.0,2026-08-04,Cash
TX0364,EMP021,16829.0,2026-07-26,Cash
TX0365,EMP001,15995.0,2026-07-04,Net Banking
TX0366,EMP049,12186.0,2026-07-02,Card
TX0367,EMP009,22674.0,2026-07-13,Net Banking
TX0368,EMP030,20489.0,2026-07-07,Card
TX0369,EMP010,16213.0,2026-08-05,Cash
TX0370,EMP047,21910.0,2026-07-09,UPI
TX0371,EMP037,23011.0,2026-07-12,UPI
TX0372,EMP041,17224.0,2026-08-10,Net Banking
TX0373,EMP022,8396.0,2026-08-03,Net Banking
TX0374,EMP024,22873.0,2026-07-09,Net Banking
TX0375,EMP032,21669.0,2026-07-16,Card
TX0376,EMP040,29510.0,2026-07-22,UPI
TX0377,EMP043,4918.0,2026-07-28,Net Banking
TX0378,EMP001,12868.0,2026-08-08,Cash
TX0379,EMP034,27764.0,2026-08-05,UPI
TX0380,EMP006,15680.0,2026-08-10,Net Banking
TX0381,EMP015,28307.0,2026-07-02,Net Banking
TX0382,EMP042,867.0,2026-07-10,Card
TX0383,EMP013,1537.0,2026-07-24,Net Banking
TX0384,EMP040,23982.0,2026-07-03,Net Banking
TX0385,EMP024,11073.0,2026-07-15,Cash
TX0386,EMP012,15846.0,2026-07-07,Cash
TX0387,EMP017,13126.0,2026-08-08,Card
TX0388,EMP027,12534.0,2026-07-03,Net Banking
TX0389,EMP039,28214.0,2026-07-07,Net Banking
TX0390,EMP031,3275.0,2026-07-09,Net Banking
TX0391,EMP047,23280.0,2026-07-07,Cash
TX0392,EMP044,26744.0,2026-07-24,UPI
TX0393,EMP038,19893.0,2026-07-15,Card
TX0394,EMP031,12152.0,2026-08-07,Card
TX0395,EMP015,5220.0,2026-07-11,Net Banking
TX0396,EMP021,20636.0,2026-07-23,Cash
TX0397,EMP006,14329.0,2026-07-28,Cash
TX0398,EMP019,4906.0,2026-07-26,UPI
TX0399,EMP047,11109.0,2026-08-02,Net Banking
TX0400,EMP022,28865.0,2026-07-09,Card
TX0401,EMP006,8328.0,2026-07-21,UPI
TX0402,EMP033,5764.0,2026-08-02,Net Banking
TX0403,EMP049,20618.0,2026-08-05,UPI
TX0404,EMP044,6386.0,2026-07-26,UPI
TX0405,EMP014,27637.0,2026-07-27,UPI
TX0406,EMP023,,2026-08-05,Card
TX0407,EMP027,29514.0,2026-07-26,UPI
TX0408,EMP013,27421.0,2026-08-08,Net Banking
TX0409,EMP007,235731.0,2026-07-06,Cash
TX0410,EMP012,6758.0,2026-07-15,Card
TX0411,EMP050,10607.0,2026-07-05,UPI
TX0412,EMP038,14359.0,2026-07-04,Card
TX0413,EMP043,26459.0,2026-07-20,UPI
TX0414,EMP041,22138.0,2026-07-10,Net Banking
TX0415,EMP048,19510.0,2026-07-17,Card
TX0416,EMP006,26411.0,2026-07-18,Card
TX0417,EMP045,19553.0,2026-07-26,UPI
TX0418,EMP004,11682.0,2026-08-08,UPI
TX0419,EMP024,12683.0,2026-08-04,UPI
TX0420,EMP030,15752.0,2026-07-16,UPI
TX0421,EMP018,3118.0,2026-07-14,Cash
TX0422,EMP008,22380.0,2026-08-01,Net Banking
TX0423,EMP010,19756.0,2026-07-06,Net Banking
TX0424,EMP042,22068.0,2026-07-23,Card
TX0425,EMP016,16251.0,2026-07-18,Net Banking
TX0426,EMP016,23597.0,2026-07-08,Cash
TX0427,EMP047,28517.0,2026-07-26,UPI
TX0428,EMP008,17313.0,2026-07-14,UPI
TX0429,EMP046,13609.0,2026-07-08,Cash
TX0430,EMP047,3586.0,2026-07-27,Card
TX0431,EMP030,23470.0,2026-07-08,UPI
TX0432,EMP009,27167.0,2026-07-28,Net Banking
TX0433,EMP008,21134.0,2026-07-07,Cash
TX0434,EMP015,26034.0,2026-07-18,Cash
TX0435,EMP029,25905.0,2026-08-03,Net Banking
TX0436,EMP008,24043.0,2026-07-10,Net Banking
TX0437,EMP023,15334.0,2026-08-01,Net Banking
TX0438,EMP006,3445.0,2026-07-30,Card
TX0439,EMP028,595.0,2026-08-07,Net Banking
TX0440,EMP002,6529.0,2026-07-07,Cash
TX0441,EMP036,13215.0,2026-07-30,Cash
TX0442,EMP003,22436.0,2026-08-08,Net Banking
TX0443,EMP010,13946.0,2026-08-01,UPI
TX0444,EMP009,1182.0,2026-07-08,Card
TX0445,EMP042,,2026-08-03,UPI
TX0446,EMP003,29387.0,2026-07-05,Card
TX0447,EMP022,,2026-07-25,Card
TX0448,EMP030,11625.0,2026-07-21,Net Banking
TX0449,EMP026,24247.0,2026-07-22,Net Banking
TX0450,EMP035,21719.0,2026-07-22,Card
TX0451,EMP041,27972.0,2026-07-02,Card
TX0452,EMP020,26683.0,2026-07-21,Cash
TX0453,EMP042,19047.0,2026-08-08,Net Banking
TX0454,EMP016,12141.0,2026-07-18,Net Banking
TX0455,EMP050,18986.0,2026-07-12,UPI
TX0456,EMP026,,2026-08-10,UPI
TX0457,EMP037,10768.0,2026-07-05,Cash
TX0458,EMP044,18457.0,2026-07-20,Card
TX0459,EMP040,17356.0,2026-07-22,UPI
TX0460,EMP043,17639.0,2026-07-20,UPI
TX0461,EMP027,11847.0,2026-08-07,Card
TX0462,EMP003,12569.0,2026-07-18,Card
TX0463,EMP025,800.0,2026-08-09,Cash
TX0464,EMP010,18252.0,2026-07-03,UPI
TX0465,EMP045,17485.0,2026-07-31,Cash
TX0466,EMP012,28093.0,2026-07-25,Cash
TX0467,EMP012,15376.0,2026-07-10,Card
TX0468,EMP013,14295.0,2026-07-10,UPI
TX0469,EMP033,2496.0,2026-07-30,Cash
TX0470,EMP029,6303.0,2026-07-27,Cash
TX0471,EMP048,10472.0,2026-07-26,Card
TX0472,EMP021,11627.0,2026-07-03,Card
TX0473,EMP015,11199.0,2026-07-25,Cash
TX0474,EMP003,12126.0,2026-08-10,Card
TX0475,EMP001,23183.0,2026-07-01,Card
TX0476,EMP019,4367.0,2026-07-20,Card
TX0477,EMP047,10301.0,2026-07-21,Card
TX0478,EMP027,5304.0,2026-08-06,Cash
TX0479,EMP045,9579.0,2026-07-12,Card
TX0480,EMP006,20694.0,2026-07-20,Card
TX0481,EMP005,1879.0,2026-07-30,Cash
TX0482,EMP042,10514.0,2026-07-03,Card
TX0483,EMP006,1198.0,2026-08-02,UPI
TX0484,EMP003,28669.0,2026-08-03,Net Banking
TX0485,EMP021,21954.0,2026-07-30,UPI
TX0486,EMP047,7686.0,2026-07-27,Cash
TX0487,EMP035,6346.0,2026-07-31,Card
TX0488,EMP005,3418.0,2026-08-02,UPI
TX0489,EMP042,14449.0,2026-08-07,UPI
TX0490,EMP043,22728.0,2026-07-18,Net Banking
TX0491,EMP041,17734.0,2026-07-19,Card
TX0492,EMP046,26490.0,2026-07-27,Card
TX0493,EMP012,10642.0,2026-07-08,Cash
TX0494,EMP049,8704.0,2026-08-05,UPI
TX0495,EMP017,14602.0,2026-08-01,Cash
TX0496,EMP041,6461.0,2026-07-26,Card
TX0497,EMP029,29281.0,2026-07-13,Cash
TX0498,EMP039,5980.0,2026-07-15,UPI
TX0499,EMP032,14626.0,2026-07-18,Net Banking
TX0500,EMP033,15899.0,2026-07-28,UPI
TX0501,EMP031,2182.0,2026-08-01,Cash
TX0502,EMP039,14318.0,2026-07-28,Cash
TX0503,EMP037,13913.0,2026-08-08,Card
TX0504,EMP007,8153.0,2026-08-09,UPI
TX0505,EMP042,4275.0,2026-07-29,Card
TX0506,EMP027,1832.0,2026-07-16,Net Banking
TX0507,EMP017,753.0,2026-07-25,Net Banking
TX0508,EMP026,14703.0,2026-07-18,Net Banking
TX0509,EMP049,3150.0,2026-07-26,UPI
TX0510,EMP043,28800.0,2026-08-03,Cash
TX0511,EMP042,7720.0,2026-07-16,UPI
TX0512,EMP024,19749.0,2026-07-21,Cash
TX0513,EMP040,20367.0,2026-07-02,Card
TX0514,EMP020,15117.0,2026-07-31,Cash
TX0515,EMP035,26566.0,2026-07-21,Cash
TX0516,EMP032,3765.0,2026-07-19,Net Banking
TX0517,EMP013,7403.0,2026-07-22,Card
TX0518,EMP014,7946.0,2026-07-09,Card
TX0519,EMP004,4494.0,2026-07-25,Cash
TX0520,EMP007,9195.0,2026-07-31,UPI
TX0521,EMP022,9724.0,2026-07-15,UPI
TX0522,EMP024,23061.0,2026-07-06,Cash
TX0523,EMP009,9397.0,2026-07-16,Net Banking
TX0524,EMP021,26362.0,2026-07-09,Cash
TX0525,EMP031,23293.0,2026-07-16,Net Banking
TX0526,EMP012,27098.0,2026-07-26,UPI
TX0527,EMP017,3604.0,2026-07-05,Card
TX0528,EMP019,29544.0,2026-07-31,Cash
TX0529,EMP026,18611.0,2026-07-10,Card
TX0530,EMP019,29479.0,2026-08-06,UPI
TX0531,EMP037,10967.0,2026-07-31,UPI
TX0532,EMP017,28613.0,2026-07-12,Net Banking
TX0533,EMP022,17863.0,2026-07-24,Cash
TX0534,EMP019,2618.0,2026-07-05,Card
TX0535,EMP010,12598.0,2026-07-05,Card
TX0536,EMP035,4564.0,2026-08-09,UPI
TX0537,EMP012,28267.0,2026-08-02,Net Banking
TX0538,EMP015,9481.0,2026-07-07,UPI
TX0539,EMP040,7059.0,2026-07-12,Net Banking
TX0540,EMP048,16810.0,2026-07-09,UPI
TX0541,EMP034,13042.0,2026-07-17,Card
TX0542,EMP046,3360.0,2026-07-12,Card
TX0543,EMP043,24586.0,2026-07-14,Net Banking
TX0544,EMP025,25451.0,2026-07-22,UPI
TX0545,EMP039,22417.0,2026-07-08,Card
TX0546,EMP017,18694.0,2026-08-06,Card
TX0547,EMP024,12375.0,2026-07-30,Card
TX0548,EMP027,16499.0,2026-08-01,UPI
TX0549,EMP049,15869.0,2026-07-07,Net Banking
TX0550,EMP043,5376.0,2026-07-30,Card
TX0551,EMP025,2913.0,2026-08-04,Card
TX0552,EMP033,7971.0,2026-07-08,Card
TX0553,EMP011,13902.0,2026-07-31,Net Banking
TX0554,EMP041,5229.0,2026-07-15,Card
TX0555,EMP028,3646.0,2026-08-02,Card
TX0556,EMP027,25632.0,2026-07-20,Card
TX0557,EMP039,11562.0,2026-08-02,Card
TX0558,EMP032,17734.0,2026-07-07,UPI
TX0559,EMP004,15958.0,2026-07-16,Cash
TX0560,EMP015,22186.0,2026-07-12,UPI
TX0561,EMP009,22324.0,2026-07-11,UPI
TX0562,EMP037,9232.0,2026-07-13,UPI
TX0563,EMP002,25513.0,2026-07-16,Card
TX0564,EMP011,11451.0,2026-07-06,Net Banking
TX0565,EMP030,25138.0,2026-07-29,Cash
TX0566,EMP035,12443.0,2026-07-23,Net Banking
TX0567,EMP026,3774.0,2026-08-04,Card
TX0568,EMP044,22920.0,2026-07-29,Net Banking
TX0569,EMP046,1389.0,2026-07-07,UPI
TX0570,EMP007,23284.0,2026-07-03,Cash
TX0571,EMP048,1773.0,2026-07-18,Net Banking
TX0572,EMP031,6600.0,2026-07-20,Cash
TX0573,EMP032,18299.0,2026-07-10,Net Banking
TX0574,EMP005,28275.0,2026-08-02,Card
TX0575,EMP032,12550.0,2026-07-24,UPI
TX0576,EMP037,4059.0,2026-07-31,Net Banking
TX0577,EMP030,7370.0,2026-07-05,UPI
TX0578,EMP005,26935.0,2026-08-03,Net Banking
TX0579,EMP027,21938.0,2026-07-09,Cash
TX0580,EMP047,3461.0,2026-07-19,Net Banking
TX0581,EMP037,11854.0,2026-07-19,Card
TX0582,EMP007,8303.0,2026-08-03,Net Banking
TX0583,EMP048,5746.0,2026-07-12,UPI
TX0584,EMP048,25471.0,2026-07-10,Card
TX0585,EMP009,18722.0,2026-07-14,UPI
TX0586,EMP041,5795.0,2026-07-15,Net Banking
TX0587,EMP021,19695.0,2026-07-08,Cash
TX0588,EMP030,12700.0,2026-07-08,Net Banking
TX0589,EMP023,2313.0,2026-07-10,Net Banking
TX0590,EMP040,13770.0,2026-07-20,Card
TX0591,EMP050,5964.0,2026-07-15,UPI
TX0592,EMP040,7735.0,2026-07-17,Net Banking
TX0593,EMP047,26430.0,2026-07-30,Card
TX0594,EMP048,21452.0,2026-07-10,UPI
TX0595,EMP005,4455.0,2026-08-07,Net Banking
TX0596,EMP013,25614.0,2026-07-31,Net Banking
TX0597,EMP037,17442.0,2026-07-08,Card
TX0598,EMP030,26299.0,2026-07-13,Net Banking
TX0599,EMP003,22538.0,2026-07-08,UPI
TX0600,EMP005,10510.0,2026-07-12,UPI
TX0601,EMP027,16278.0,2026-07-15,Card
TX0602,EMP031,16160.0,2026-07-06,Cash
TX0603,EMP009,21738.0,2026-07-01,UPI
TX0604,EMP009,,2026-07-18,UPI
TX0605,EMP007,10326.0,2026-07-29,Cash
TX0606,EMP029,7721.0,2026-07-13,Net Banking
TX0607,EMP001,9236.0,2026-08-05,Cash
TX0608,EMP029,5256.0,2026-07-16,Net Banking
TX0609,EMP024,1578.0,2026-08-06,Net Banking
TX0610,EMP024,28230.0,2026-07-10,Cash
TX0611,EMP034,2692.0,2026-07-23,Cash
TX0612,EMP027,26695.0,2026-08-01,Net Banking
TX0613,EMP037,590.0,2026-07-03,Card
TX0614,EMP039,23432.0,2026-08-08,UPI
TX0615,EMP047,10187.0,2026-07-15,Net Banking
TX0616,EMP040,15771.0,2026-07-21,Card
TX0617,EMP026,8825.0,2026-07-26,Net Banking
TX0618,EMP025,14972.0,2026-07-27,Card
TX0619,EMP012,13821.0,2026-07-01,Net Banking
TX0620,EMP030,16127.0,2026-08-05,UPI
TX0621,EMP007,12101.0,2026-07-26,Cash
TX0622,EMP047,16328.0,2026-08-10,Card
TX0623,EMP043,24851.0,2026-07-20,Card
TX0624,EMP006,13319.0,2026-07-26,Card
TX0625,EMP040,11160.0,2026-07-19,Net Banking
TX0626,EMP006,4386.0,2026-08-06,Card
TX0627,EMP037,11111.0,2026-08-04,Net Banking
TX0628,EMP005,4207.0,2026-08-07,Card
TX0629,EMP025,5883.0,2026-07-21,UPI
TX0630,EMP033,28591.0,2026-08-02,Net Banking
TX0631,EMP037,3137.0,2026-07-15,UPI
TX0632,EMP021,14719.0,2026-07-19,Card
TX0633,EMP047,25111.0,2026-08-01,Net Banking
TX0634,EMP039,28619.0,2026-07-04,Net Banking
TX0635,EMP011,4828.0,2026-07-30,Net Banking
TX0636,EMP034,5325.0,2026-07-01,Card
TX0637,EMP037,11491.0,2026-07-24,Net Banking
TX0638,EMP017,16855.0,2026-07-20,Card
TX0639,EMP037,28814.0,2026-07-20,Cash
TX0640,EMP045,6627.0,2026-07-21,Cash
TX0641,EMP041,5349.0,2026-07-21,UPI
TX0642,EMP007,125733.0,2026-07-17,Card
TX0643,EMP032,26292.0,2026-07-19,Card
TX0644,EMP014,1386.0,2026-07-24,Card
TX0645,EMP040,11713.0,2026-08-01,Card
TX0646,EMP019,4009.0,2026-07-23,Cash
TX0647,EMP027,5133.0,2026-07-27,UPI
TX0648,EMP016,27547.0,2026-08-04,UPI
TX0649,EMP016,549.0,2026-08-10,Net Banking
TX0650,EMP008,9985.0,2026-07-05,Card
TX0651,EMP049,27505.0,2026-07-30,Cash
TX0652,EMP008,18439.0,2026-07-10,Cash
TX0653,EMP005,2616.0,2026-07-09,Cash
TX0654,EMP047,14217.0,2026-08-02,Card
TX0655,EMP028,29142.0,2026-07-03,Card
TX0656,EMP022,12313.0,2026-08-04,Net Banking
TX0657,EMP037,16094.0,2026-08-01,Net Banking
TX0658,EMP020,16190.0,2026-08-10,Card
TX0659,EMP007,19983.0,2026-07-28,Cash
TX0660,EMP037,6023.0,2026-08-05,Net Banking
TX0661,EMP009,25270.0,2026-07-05,UPI
TX0662,EMP028,29663.0,2026-08-06,Net Banking
TX0663,EMP048,4705.0,2026-07-07,Card
TX0664,EMP047,24640.0,2026-07-13,Net Banking
TX0665,EMP019,24598.0,2026-07-06,Cash
TX0666,EMP040,22377.0,2026-07-17,Net Banking
TX0667,EMP031,11440.0,2026-07-31,UPI
TX0668,EMP024,14328.0,2026-07-11,UPI
TX0669,EMP007,25256.0,2026-08-03,Net Banking
TX0670,EMP019,5009.0,2026-07-25,Cash
TX0671,EMP033,24947.0,2026-07-26,Cash
TX0672,EMP050,27659.0,2026-08-08,UPI
TX0673,EMP001,20615.0,2026-07-18,UPI
TX0674,EMP036,10570.0,2026-07-15,Net Banking
TX0675,EMP043,16994.0,2026-08-10,Card
TX0676,EMP048,1978.0,2026-07-23,Cash
TX0677,EMP022,27988.0,2026-07-26,Card
TX0678,EMP006,10600.0,2026-07-13,Card
TX0679,EMP014,2184.0,2026-07-09,UPI
TX0680,EMP043,23936.0,2026-07-07,Net Banking
TX0681,EMP044,19897.0,2026-07-10,Net Banking
TX0682,EMP032,18869.0,2026-07-09,UPI
TX0683,EMP007,2095.0,2026-07-31,Card
TX0684,EMP007,22649.0,2026-07-03,Cash
TX0685,EMP024,19300.0,2026-07-26,Card
TX0686,EMP030,23912.0,2026-08-08,Cash
TX0687,EMP002,24906.0,2026-08-01,Card
TX0688,EMP035,6752.0,2026-07-17,UPI
TX0689,EMP028,6713.0,2026-07-03,Card
TX0690,EMP001,27751.0,2026-08-04,Cash
TX0691,EMP005,16165.0,2026-07-01,UPI
TX0692,EMP023,13420.0,2026-07-28,Net Banking
TX0693,EMP037,8972.0,2026-07-28,UPI
TX0694,EMP042,19350.0,2026-07-08,UPI
TX0695,EMP022,22741.0,2026-07-31,Cash
TX0696,EMP015,568.0,2026-07-08,Cash
TX0697,EMP049,16802.0,2026-07-10,Card
TX0698,EMP023,29804.0,2026-08-03,Card
TX0699,EMP016,8778.0,2026-08-10,UPI
TX0700,EMP023,8786.0,2026-07-11,Cash
TX0701,EMP001,26404.0,2026-08-07,Card
TX0702,EMP016,2330.0,2026-08-07,UPI
TX0703,EMP026,12226.0,2026-08-01,Card
TX0704,EMP046,14018.0,2026-07-06,Net Banking
TX0705,EMP037,24037.0,2026-07-13,Card
TX0706,EMP040,4306.0,2026-07-28,Net Banking
TX0707,EMP028,13304.0,2026-08-10,Card
TX0708,EMP006,4993.0,2026-08-03,UPI
TX0709,EMP020,23735.0,2026-07-18,Card
TX0710,EMP050,19152.0,2026-07-10,Card
TX0711,EMP003,15153.0,2026-08-09,UPI
TX0712,EMP044,12091.0,2026-07-12,Cash
TX0713,EMP035,5018.0,2026-07-15,Card
TX0714,EMP015,27694.0,2026-08-09,Cash
TX0715,EMP039,19606.0,2026-07-24,Card
TX0716,EMP042,9915.0,2026-07-11,Card
TX0717,EMP003,12711.0,2026-07-01,Card
TX0718,EMP006,21922.0,2026-07-18,UPI
TX0719,EMP034,21727.0,2026-08-10,Cash
TX0720,EMP050,14102.0,2026-07-18,UPI
TX0721,EMP002,9435.0,2026-07-29,Cash
TX0722,EMP034,19968.0,2026-07-11,Net Banking
TX0723,EMP007,19917.0,2026-08-01,Net Banking
TX0724,EMP033,18191.0,2026-08-01,Card
TX0725,EMP032,2649.0,2026-07-25,Card
TX0726,EMP007,82093.0,2026-08-01,Net Banking
TX0727,EMP035,18610.0,2026-07-24,Card
TX0728,EMP045,28526.0,2026-07-16,Card
TX0729,EMP044,16004.0,2026-07-31,Net Banking
TX0730,EMP002,10610.0,2026-08-04,Net Banking
TX0731,EMP013,16895.0,2026-08-04,Net Banking
TX0732,EMP013,5728.0,2026-07-09,UPI
TX0733,EMP023,3175.0,2026-07-28,Net Banking
TX0734,EMP008,20503.0,2026-07-01,UPI
TX0735,EMP043,29592.0,2026-07-24,Cash
TX0736,EMP039,25457.0,2026-07-24,Net Banking
TX0737,EMP007,214618.0,2026-07-15,Cash
TX0738,EMP010,1687.0,2026-08-10,Net Banking
TX0739,EMP001,29645.0,2026-08-06,Card
TX0740,EMP046,13764.0,2026-07-02,Card
TX0741,EMP015,9045.0,2026-07-09,Card
TX0742,EMP033,26828.0,2026-07-09,Card
TX0743,EMP046,22518.0,2026-08-06,Cash
TX0744,EMP002,22613.0,2026-07-22,Card
TX0745,EMP007,174174.0,2026-07-30,Cash
TX0746,EMP001,29758.0,2026-08-03,Card
TX0747,EMP008,13859.0,2026-08-01,Card
TX0748,EMP003,16176.0,2026-07-04,UPI
TX0749,EMP041,22653.0,2026-07-06,Cash
TX0750,EMP031,19969.0,2026-07-17,Net Banking
TX0751,EMP050,5582.0,2026-07-14,Net Banking
TX0752,EMP041,9423.0,2026-07-31,Card
TX0753,EMP049,11154.0,2026-07-07,Card
TX0754,EMP012,28452.0,2026-07-16,Cash
TX0755,EMP015,21577.0,2026-07-10,Cash
TX0756,EMP043,11306.0,2026-07-08,UPI
TX0757,EMP013,22174.0,2026-07-08,Cash
TX0758,EMP003,22286.0,2026-07-09,UPI
TX0759,EMP034,12129.0,2026-07-24,UPI
TX0760,EMP041,12392.0,2026-07-17,Cash
TX0761,EMP049,26881.0,2026-07-18,UPI
TX0762,EMP047,17073.0,2026-07-20,Card
TX0763,EMP007,258257.0,2026-07-31,Cash
TX0764,EMP039,21733.0,2026-08-05,Cash
TX0765,EMP043,17892.0,2026-07-22,Card
TX0766,EMP035,15513.0,2026-07-27,UPI
TX0767,EMP041,21890.0,2026-07-31,Net Banking
TX0768,EMP042,27259.0,2026-07-29,Net Banking
TX0769,EMP023,10247.0,2026-07-06,Net Banking
TX0770,EMP003,12869.0,2026-08-10,Cash
TX0771,EMP023,6090.0,2026-07-07,Card
TX0772,EMP011,19588.0,2026-07-17,Net Banking
TX0773,EMP006,12380.0,2026-07-27,Card
TX0774,EMP007,10599.0,2026-07-17,UPI
TX0775,EMP035,21047.0,2026-07-10,Net Banking
TX0776,EMP026,12540.0,2026-08-07,Card
TX0777,EMP027,14198.0,2026-07-03,Net Banking
TX0778,EMP038,13481.0,2026-07-11,Card
TX0779,EMP007,253968.0,2026-08-10,Net Banking
TX0780,EMP032,4211.0,2026-07-30,Cash
TX0781,EMP005,24903.0,2026-07-04,Card
TX0782,EMP043,3205.0,2026-07-31,Card
TX0783,EMP023,10083.0,2026-08-09,Net Banking
TX0784,EMP008,20190.0,2026-07-05,UPI
TX0785,EMP041,4373.0,2026-07-17,Card
TX0786,EMP037,19837.0,2026-07-20,Card
TX0787,EMP003,22125.0,2026-07-06,Cash
TX0788,EMP010,20055.0,2026-07-09,Card
TX0789,EMP001,9498.0,2026-07-08,Cash
TX0790,EMP014,1083.0,2026-07-08,Card
TX0791,EMP005,26676.0,2026-07-17,UPI
TX0792,EMP036,10133.0,2026-07-20,UPI
TX0793,EMP027,24247.0,2026-07-10,Cash
TX0794,EMP050,6335.0,2026-07-12,Card
TX0795,EMP038,5291.0,2026-07-08,Card
TX0796,EMP031,23455.0,2026-08-02,Cash
TX0797,EMP026,28222.0,2026-07-09,Card
TX0798,EMP003,25888.0,2026-08-07,Card
TX0799,EMP004,22661.0,2026-07-23,UPI
TX0800,EMP031,7777.0,2026-08-02,Card
TX0801,EMP001,27439.0,2026-07-27,Cash
TX0802,EMP003,20201.0,2026-07-11,Cash
TX0803,EMP011,5578.0,2026-07-25,Net Banking
TX0804,EMP045,4316.0,2026-07-12,Net Banking
TX0805,EMP023,26199.0,2026-07-05,UPI
TX0806,EMP036,8616.0,2026-07-11,Card
TX0807,EMP021,23093.0,2026-07-12,Card
TX0808,EMP009,4590.0,2026-07-06,Cash
TX0809,EMP019,8775.0,2026-07-01,Card
TX0810,EMP005,8863.0,2026-08-08,Net Banking
TX0811,EMP039,8792.0,2026-07-22,Card
TX0812,EMP010,20404.0,2026-07-17,Cash
TX0813,EMP019,27474.0,2026-08-08,UPI
TX0814,EMP050,27354.0,2026-07-10,Net Banking
TX0815,EMP030,22375.0,2026-07-17,Net Banking
TX0816,EMP023,6474.0,2026-08-04,Net Banking
TX0817,EMP028,28837.0,2026-07-26,Card
TX0818,EMP040,16491.0,2026-07-17,UPI
TX0819,EMP013,16606.0,2026-07-11,Cash
TX0820,EMP032,21191.0,2026-07-02,Card
TX0821,EMP044,23188.0,2026-07-04,Net Banking
TX0822,EMP029,28611.0,2026-07-07,Cash
TX0823,EMP023,17680.0,2026-08-02,Cash
TX0824,EMP008,18496.0,2026-07-27,Net Banking
TX0825,EMP013,22493.0,2026-07-18,Net Banking
TX0826,EMP048,8025.0,2026-08-02,Card
TX0827,EMP028,9577.0,2026-07-07,UPI
TX0828,EMP016,18951.0,2026-07-09,UPI
TX0829,EMP021,2391.0,2026-07-17,Card
TX0830,EMP029,9954.0,2026-08-07,Cash
TX0831,EMP027,21680.0,2026-07-26,UPI
TX0832,EMP035,29295.0,2026-08-04,UPI
TX0833,EMP013,15825.0,2026-07-11,Cash
TX0834,EMP033,12290.0,2026-08-04,Net Banking
TX0835,EMP023,13491.0,2026-07-03,UPI
TX0836,EMP048,20720.0,2026-07-10,Cash
TX0837,EMP008,16562.0,2026-07-22,UPI
TX0838,EMP008,1185.0,2026-07-03,Cash
TX0839,EMP024,16407.0,2026-08-05,Net Banking
TX0840,EMP026,12301.0,2026-08-05,Net Banking
TX0841,EMP035,21173.0,2026-07-23,Cash
TX0842,EMP021,26315.0,2026-07-13,Cash
TX0843,EMP046,28892.0,2026-07-05,Net Banking
TX0844,EMP024,18501.0,2026-07-26,Cash
TX0845,EMP007,11195.0,2026-07-23,Card
TX0846,EMP006,13596.0,2026-08-01,Net Banking
TX0847,EMP049,5705.0,2026-07-25,Cash
TX0848,EMP007,28110.0,2026-07-06,Net Banking
TX0849,EMP048,25495.0,2026-07-05,Cash
TX0850,EMP014,25692.0,2026-08-02,Net Banking
TX0851,EMP005,10179.0,2026-07-07,UPI
TX0852,EMP016,10005.0,2026-08-08,UPI
TX0853,EMP031,25770.0,2026-07-05,UPI
TX0854,EMP022,16564.0,2026-07-30,Cash
TX0855,EMP007,179193.0,2026-08-09,Cash
TX0856,EMP031,14949.0,2026-07-19,UPI
TX0857,EMP021,13561.0,2026-07-03,UPI
TX0858,EMP032,19149.0,2026-08-05,Net Banking
TX0859,EMP049,24482.0,2026-07-08,Net Banking
TX0860,EMP021,10356.0,2026-07-22,Cash
TX0861,EMP008,24369.0,2026-08-10,Card
TX0862,EMP021,7704.0,2026-07-31,Card
TX0863,EMP043,12383.0,2026-07-02,UPI
TX0864,EMP011,27423.0,2026-08-03,UPI
TX0865,EMP048,28656.0,2026-07-07,Net Banking
TX0866,EMP030,27754.0,2026-07-31,Card
TX0867,EMP031,9823.0,2026-07-26,Cash
TX0868,EMP016,25378.0,2026-07-12,Cash
TX0869,EMP047,28114.0,2026-07-18,Card
TX0870,EMP002,29357.0,2026-07-05,UPI
TX0871,EMP015,1116.0,2026-08-10,Cash
TX0872,EMP021,22477.0,2026-07-10,UPI
TX0873,EMP024,29903.0,2026-07-13,Card
TX0874,EMP024,23057.0,2026-07-21,Net Banking
TX0875,EMP008,7378.0,2026-07-28,Cash
TX0876,EMP012,22996.0,2026-07-21,Net Banking
TX0877,EMP005,3604.0,2026-07-21,UPI
TX0878,EMP029,14677.0,2026-07-24,UPI
TX0879,EMP018,18973.0,2026-08-05,Card
TX0880,EMP029,13965.0,2026-07-17,Card
TX0881,EMP030,21145.0,2026-08-04,UPI
TX0882,EMP036,7586.0,2026-08-02,Net Banking
TX0883,EMP028,18383.0,2026-08-09,UPI
TX0884,EMP033,19522.0,2026-08-07,Cash
TX0885,EMP030,19196.0,2026-08-02,Cash
TX0886,EMP033,9034.0,2026-07-11,Cash
TX0887,EMP031,9508.0,2026-08-01,UPI
TX0888,EMP016,8105.0,2026-07-31,Card
TX0889,EMP013,14122.0,2026-07-12,Cash
TX0890,EMP040,17785.0,2026-07-28,Card
TX0891,EMP018,11194.0,2026-07-11,Cash
TX0892,EMP028,12594.0,2026-07-22,UPI
TX0893,EMP010,8949.0,2026-08-02,UPI
TX0894,EMP022,6956.0,2026-07-08,Cash
TX0895,EMP027,19894.0,2026-07-14,Cash
TX0896,EMP032,24573.0,2026-08-02,UPI
TX0897,EMP027,9075.0,2026-07-19,Net Banking
TX0898,EMP019,25886.0,2026-08-09,UPI
TX0899,EMP049,17343.0,2026-07-01,Net Banking
TX0900,EMP026,5447.0,2026-07-30,Cash
TX0901,EMP041,11296.0,2026-08-03,Net Banking
TX0902,EMP037,721.0,2026-08-07,Net Banking
TX0903,EMP028,1655.0,2026-07-07,Card
TX0904,EMP045,10415.0,2026-08-10,Net Banking
TX0905,EMP007,13906.0,2026-07-17,UPI
TX0906,EMP047,24026.0,2026-07-15,Card
TX0907,EMP043,4461.0,2026-07-15,UPI
TX0908,EMP026,25255.0,2026-07-27,Card
TX0909,EMP037,7418.0,2026-07-28,Net Banking
TX0910,EMP027,4580.0,2026-07-20,Card
TX0911,EMP014,21146.0,2026-07-03,UPI
TX0912,EMP040,23342.0,2026-08-10,Card
TX0913,EMP013,18344.0,2026-07-10,Net Banking
TX0914,EMP016,3913.0,2026-07-04,Cash
TX0915,EMP026,3902.0,2026-07-25,Cash
TX0916,EMP042,12006.0,2026-07-17,Card
TX0917,EMP020,13792.0,2026-07-26,Card
TX0918,EMP025,29958.0,2026-08-05,Cash
TX0919,EMP003,8951.0,2026-07-04,Cash
TX0920,EMP006,6181.0,2026-07-12,Net Banking
TX0921,EMP003,28404.0,2026-07-22,Cash
TX0922,EMP004,5041.0,2026-08-02,Net Banking
TX0923,EMP044,1278.0,2026-07-25,Net Banking
TX0924,EMP043,12972.0,2026-07-16,UPI
TX0925,EMP042,12331.0,2026-07-26,Card
TX0926,EMP003,18780.0,2026-08-10,Card
TX0927,EMP004,26393.0,2026-07-20,UPI
TX0928,EMP015,28020.0,2026-08-06,UPI
TX0929,EMP029,9044.0,2026-08-01,Net Banking
TX0930,EMP017,29434.0,2026-07-13,Card
TX0931,EMP007,191400.0,2026-07-11,UPI
TX0932,EMP009,2554.0,2026-08-01,Card
TX0933,EMP037,28184.0,2026-07-09,Card
TX0934,EMP016,4570.0,2026-07-14,UPI
TX0935,EMP004,17863.0,2026-07-10,UPI
TX0936,EMP038,23826.0,2026-07-25,Net Banking
TX0937,EMP046,7858.0,2026-07-13,Net Banking
TX0938,EMP001,8483.0,2026-07-27,Card
TX0939,EMP022,14547.0,2026-08-08,Cash
TX0940,EMP042,26603.0,2026-08-04,Net Banking
TX0941,EMP007,75887.0,2026-08-08,Net Banking
TX0942,EMP043,20071.0,2026-07-02,UPI
TX0943,EMP021,13851.0,2026-07-19,Net Banking
TX0944,EMP019,3799.0,2026-07-10,UPI
TX0945,EMP036,21470.0,2026-08-07,UPI
TX0946,EMP008,25059.0,2026-07-30,Card
TX0947,EMP012,17481.0,2026-07-14,Cash
TX0948,EMP031,5702.0,2026-07-24,UPI
TX0949,EMP034,5093.0,2026-07-25,Card
TX0950,EMP006,12993.0,2026-07-21,Card
TX0951,EMP026,15439.0,2026-07-20,Card
TX0952,EMP007,63022.0,2026-07-03,Net Banking
TX0953,EMP026,7687.0,2026-07-19,Card
TX0954,EMP048,15272.0,2026-07-15,UPI
TX0955,EMP004,9204.0,2026-08-03,UPI
TX0956,EMP050,20741.0,2026-08-05,UPI
TX0957,EMP023,23995.0,2026-07-31,UPI
TX0958,EMP039,19754.0,2026-07-02,Cash
TX0959,EMP022,536.0,2026-08-04,Card
TX0960,EMP016,29765.0,2026-07-17,Card
TX0961,EMP039,1201.0,2026-07-18,Net Banking
TX0962,EMP035,29982.0,2026-08-08,Cash
TX0963,EMP008,1437.0,2026-08-05,UPI
TX0964,EMP036,15735.0,2026-07-03,Card
TX0965,EMP038,3626.0,2026-07-15,Card
TX0966,EMP020,3308.0,2026-07-31,Net Banking
TX0967,EMP047,20660.0,2026-07-23,Card
TX0968,EMP033,21971.0,2026-07-11,UPI
TX0969,EMP017,3987.0,2026-07-22,Cash
TX0970,EMP001,29311.0,2026-08-05,Card
TX0971,EMP034,9953.0,2026-07-10,UPI
TX0972,EMP011,9890.0,2026-07-31,Cash
TX0973,EMP038,9260.0,2026-07-31,UPI
TX0974,EMP027,14105.0,2026-08-06,Net Banking
TX0975,EMP024,5746.0,2026-07-13,Net Banking
TX0976,EMP009,13030.0,2026-07-09,Card
TX0977,EMP036,6694.0,2026-07-23,Cash
TX0978,EMP009,2016.0,2026-07-22,Cash
TX0979,EMP021,11377.0,2026-07-17,Cash
TX0980,EMP042,20331.0,2026-08-01,UPI
TX0981,EMP047,23011.0,2026-08-02,Card
TX0982,EMP050,10923.0,2026-07-11,UPI
TX0983,EMP048,10050.0,2026-08-02,Cash
TX0984,EMP028,23730.0,2026-07-10,UPI
TX0985,EMP011,20595.0,2026-07-17,Cash
TX0986,EMP042,25047.0,2026-07-02,Cash
TX0987,EMP041,27229.0,2026-07-14,Net Banking
TX0988,EMP050,24726.0,2026-08-09,Card
TX0989,EMP033,28126.0,2026-07-19,UPI
TX0990,EMP008,12791.0,2026-07-30,Cash
TX0991,EMP026,12142.0,2026-07-05,UPI
TX0992,EMP023,9985.0,2026-07-27,UPI
TX0993,EMP043,7439.0,2026-07-16,Net Banking
TX0994,EMP020,22590.0,2026-07-31,Net Banking
TX0995,EMP017,21576.0,2026-08-08,Cash
TX0996,EMP005,24140.0,2026-07-22,Net Banking
TX0997,EMP042,5438.0,2026-07-05,UPI
TX0998,EMP038,14992.0,2026-07-20,UPI
TX0999,EMP003,7047.0,2026-07-06,Card
TX1000,EMP022,26844.0,2026-07-19,UPI
TX1001,EMP024,8388.0,2026-07-03,Net Banking
TX1002,EMP024,4745.0,2026-07-27,UPI
TX1003,EMP046,17310.0,2026-07-13,Cash
TX1004,EMP008,26432.0,2026-07-09,Net Banking
TX1005,EMP016,27514.0,2026-07-01,Cash
TX1006,EMP010,3334.0,2026-08-06,UPI
TX1007,EMP013,10113.0,2026-08-04,Card
TX1008,EMP046,5029.0,2026-08-03,Cash
TX1009,EMP048,9582.0,2026-07-03,Net Banking
TX1010,EMP003,16248.0,2026-07-15,Card
TX1011,EMP032,8776.0,2026-08-09,Card
TX1012,EMP012,2491.0,2026-07-24,Net Banking
TX1013,EMP010,15545.0,2026-07-06,Net Banking
TX1014,EMP015,2057.0,2026-07-06,Card
TX1015,EMP010,7187.0,2026-07-11,UPI
TX1016,EMP025,515.0,2026-08-09,Cash
TX1017,EMP050,3061.0,2026-07-07,Net Banking
TX1018,EMP030,13371.0,2026-08-07,Net Banking
TX1019,EMP037,25596.0,2026-07-28,Card
TX1020,EMP025,23351.0,2026-08-07,UPI
TX1021,EMP001,3415.0,2026-08-03,Cash
TX1022,EMP005,1527.0,2026-07-14,Net Banking
TX1023,EMP014,10473.0,2026-08-03,Net Banking
TX1024,EMP013,19741.0,2026-07-07,UPI
TX1025,EMP043,22528.0,2026-07-12,Card
TX1026,EMP043,24782.0,2026-07-09,Card
TX1027,EMP043,10595.0,2026-07-06,UPI
TX1028,EMP032,5456.0,2026-07-04,Net Banking
TX1029,EMP028,1277.0,2026-07-08,UPI
TX1030,EMP033,4832.0,2026-07-05,Cash
TX1031,EMP021,2422.0,2026-07-16,Net Banking
TX1032,EMP034,25893.0,2026-07-03,Cash
TX1033,EMP040,8418.0,2026-07-03,Net Banking
TX1034,EMP039,24782.0,2026-08-10,Card
TX1035,EMP031,16818.0,2026-07-04,Net Banking
TX1036,EMP003,16398.0,2026-07-04,Card
TX1037,EMP037,13916.0,2026-07-02,UPI
TX1038,EMP019,24666.0,2026-07-06,Card
TX1039,EMP038,1781.0,2026-07-22,Card
TX1040,EMP027,3236.0,2026-08-03,Cash
TX1041,EMP045,12989.0,2026-07-31,Card
TX1042,EMP017,12137.0,2026-07-24,Card
TX1043,EMP047,16595.0,2026-07-04,Card
TX1044,EMP043,22265.0,2026-08-01,Card
TX1045,EMP017,17832.0,2026-07-02,Cash
TX1046,EMP025,8094.0,2026-07-26,Card
TX1047,EMP027,10155.0,2026-07-17,Net Banking
TX1048,EMP039,22693.0,2026-08-06,Card
TX1049,EMP035,6443.0,2026-07-13,Net Banking
TX1050,EMP043,15373.0,2026-07-27,Card
TX1051,EMP019,16394.0,2026-07-19,UPI
TX1052,EMP026,22632.0,2026-07-22,UPI
TX1053,EMP022,21573.0,2026-08-08,Net Banking
TX1054,EMP046,14208.0,2026-07-30,Net Banking
TX1055,EMP016,9620.0,2026-07-17,UPI
TX1056,EMP030,11353.0,2026-07-19,Cash
TX1057,EMP007,12641.0,2026-07-29,Cash
TX1058,EMP043,6966.0,2026-07-15,UPI
TX1059,EMP020,18949.0,2026-07-07,Card
TX1060,EMP018,6647.0,2026-07-20,Cash
TX1061,EMP030,19635.0,2026-07-03,Net Banking
TX1062,EMP025,22668.0,2026-07-07,Net Banking
TX1063,EMP043,28874.0,2026-07-18,UPI
TX1064,EMP027,4007.0,2026-08-02,UPI
TX1065,EMP026,22912.0,2026-08-02,Card
TX1066,EMP006,3036.0,2026-07-11,UPI
TX1067,EMP002,10448.0,2026-07-18,Cash
TX1068,EMP020,5700.0,2026-07-07,UPI
TX1069,EMP050,5287.0,2026-07-31,UPI
TX1070,EMP046,5672.0,2026-07-11,UPI
TX1071,EMP032,1796.0,2026-08-02,Card
TX1072,EMP032,24781.0,2026-08-04,Net Banking
TX1073,EMP020,2303.0,2026-07-29,UPI
TX1074,EMP009,12255.0,2026-07-14,Net Banking
TX1075,EMP001,21125.0,2026-08-09,Card
TX1076,EMP017,29716.0,2026-07-29,UPI
TX1077,EMP016,25684.0,2026-07-27,Card
TX1078,EMP010,4547.0,2026-08-05,Cash
TX1079,EMP013,29638.0,2026-08-06,UPI
TX1080,EMP002,19779.0,2026-07-04,UPI
TX1081,EMP031,5797.0,2026-08-06,Net Banking
TX1082,EMP047,13737.0,2026-08-01,Cash
TX1083,EMP035,27577.0,2026-07-09,Card
TX1084,EMP023,12091.0,2026-07-13,Net Banking
TX1085,EMP022,5917.0,2026-07-31,Net Banking
TX1086,EMP016,26314.0,2026-07-09,Card
TX1087,EMP008,28612.0,2026-07-19,Cash
TX1088,EMP030,29280.0,2026-07-29,UPI
TX1089,EMP029,28693.0,2026-07-27,Card
TX1090,EMP001,26249.0,2026-08-07,Cash
TX1091,EMP021,13907.0,2026-07-05,UPI
TX1092,EMP014,6172.0,2026-07-13,Net Banking
TX1093,EMP009,18706.0,2026-08-10,Net Banking
TX1094,EMP036,7013.0,2026-07-24,Card
TX1095,EMP027,,2026-07-11,Card
TX1096,EMP032,19854.0,2026-07-12,UPI
TX1097,EMP036,28424.0,2026-07-14,Cash
TX1098,EMP050,9027.0,2026-07-23,UPI
TX1099,EMP041,7931.0,2026-07-12,Card
TX1100,EMP032,22174.0,2026-07-26,Cash
TX1101,EMP044,690.0,2026-07-19,Cash
TX1102,EMP024,17209.0,2026-07-26,Cash
TX1103,EMP050,22504.0,2026-07-07,UPI
TX1104,EMP039,16751.0,2026-07-26,Net Banking
TX1105,EMP033,11826.0,2026-08-07,Cash
TX1106,EMP046,24942.0,2026-07-06,Net Banking
TX1107,EMP026,11445.0,2026-07-14,Card
TX1108,EMP037,21460.0,2026-07-29,Net Banking
TX1109,EMP015,14192.0,2026-07-26,Card
TX1110,EMP049,1284.0,2026-07-28,Net Banking
TX1111,EMP032,16150.0,2026-07-23,UPI
TX1112,EMP040,1959.0,2026-07-28,UPI
TX1113,EMP024,27963.0,2026-07-25,Cash
TX1114,EMP044,18245.0,2026-07-04,Cash
TX1115,EMP004,11474.0,2026-07-31,Cash
TX1116,EMP006,14842.0,2026-07-19,Card
TX1117,EMP026,18765.0,2026-07-03,Net Banking
TX1118,EMP037,8175.0,2026-07-17,Card
TX1119,EMP041,9007.0,2026-07-18,Cash
TX1120,EMP023,12850.0,2026-07-04,Net Banking
TX1121,EMP033,8127.0,2026-08-10,Cash
TX1122,EMP028,22858.0,2026-07-10,Cash
TX1123,EMP049,3562.0,2026-07-14,Net Banking
TX1124,EMP033,24885.0,2026-07-19,Net Banking
TX1125,EMP021,10781.0,2026-08-04,Card
TX1126,EMP049,,2026-07-31,Card
TX1127,EMP006,5153.0,2026-08-01,UPI
TX1128,EMP050,11868.0,2026-07-10,Cash
TX1129,EMP008,22760.0,2026-08-04,Net Banking
TX1130,EMP007,236341.0,2026-08-04,Card
TX1131,EMP042,,2026-07-20,Card
TX1132,EMP037,15896.0,2026-07-23,UPI
TX1133,EMP049,5293.0,2026-07-02,Card
TX1134,EMP038,9785.0,2026-08-01,UPI
TX1135,EMP032,13788.0,2026-08-09,Net Banking
TX1136,EMP018,17140.0,2026-07-20,Cash
TX1137,EMP001,19361.0,2026-07-23,UPI
TX1138,EMP007,20461.0,2026-07-21,UPI
TX1139,EMP015,25406.0,2026-07-04,Net Banking
TX1140,EMP003,2449.0,2026-07-26,Net Banking
TX1141,EMP026,11188.0,2026-07-30,Net Banking
TX1142,EMP039,531.0,2026-08-08,UPI
TX1143,EMP049,778.0,2026-08-08,UPI
TX1144,EMP025,6762.0,2026-07-21,UPI
TX1145,EMP044,18145.0,2026-08-09,Net Banking
TX1146,EMP050,26888.0,2026-07-22,Net Banking
TX1147,EMP043,23319.0,2026-07-27,Net Banking
TX1148,EMP024,19565.0,2026-07-25,UPI
TX1149,EMP017,23455.0,2026-08-10,UPI
TX1150,EMP049,5572.0,2026-07-31,Net Banking
TX1151,EMP013,25275.0,2026-07-05,Net Banking
TX1152,EMP021,26762.0,2026-07-03,Cash
TX1153,EMP004,3304.0,2026-07-17,UPI
TX1154,EMP040,14363.0,2026-07-22,UPI
TX1155,EMP033,24986.0,2026-07-28,UPI
TX1156,EMP005,14544.0,2026-07-20,Cash
TX1157,EMP012,25293.0,2026-07-22,Net Banking
TX1158,EMP028,28098.0,2026-08-07,Cash
TX1159,EMP028,14502.0,2026-07-14,Card
TX1160,EMP041,2254.0,2026-07-21,Net Banking
TX1161,EMP014,10531.0,2026-07-23,UPI
TX1162,EMP047,6847.0,2026-07-20,Net Banking
TX1163,EMP023,14486.0,2026-08-09,Net Banking
TX1164,EMP042,17780.0,2026-08-09,Cash
TX1165,EMP012,14185.0,2026-07-22,Net Banking
TX1166,EMP002,6266.0,2026-07-19,Cash
TX1167,EMP003,9384.0,2026-07-25,Card
TX1168,EMP019,20546.0,2026-07-08,Card
TX1169,EMP048,1296.0,2026-07-18,Net Banking
TX1170,EMP003,6815.0,2026-07-09,Cash
TX1171,EMP019,26824.0,2026-07-06,UPI
TX1172,EMP006,3425.0,2026-07-04,Net Banking
TX1173,EMP047,12735.0,2026-07-25,UPI
TX1174,EMP034,6606.0,2026-07-01,Cash
TX1175,EMP039,3587.0,2026-07-27,UPI
TX1176,EMP036,12970.0,2026-07-18,Cash
TX1177,EMP033,15882.0,2026-07-16,Card
TX1178,EMP039,,2026-08-01,Card
TX1179,EMP001,2794.0,2026-07-23,Cash
TX1180,EMP044,4473.0,2026-07-31,Net Banking
TX1181,EMP037,19720.0,2026-07-30,Card
TX1182,EMP037,25878.0,2026-07-02,Net Banking
TX1183,EMP020,5818.0,2026-07-09,Card
TX1184,EMP041,9951.0,2026-07-24,UPI
TX1185,EMP020,10642.0,2026-08-09,UPI
TX1186,EMP003,11142.0,2026-07-07,UPI
TX1187,EMP046,7706.0,2026-07-05,Cash
TX1188,EMP012,2130.0,2026-08-08,Cash
TX1189,EMP006,15992.0,2026-08-09,Card
TX1190,EMP032,11042.0,2026-07-07,Card
TX1191,EMP012,10596.0,2026-07-17,Net Banking
TX1192,EMP043,8311.0,2026-07-26,Cash
TX1193,EMP023,27915.0,2026-07-09,UPI
TX1194,EMP001,18509.0,2026-07-14,UPI
TX1195,EMP048,12851.0,2026-07-17,Card
TX1196,EMP026,6559.0,2026-07-27,Card
TX1197,EMP014,24133.0,2026-07-13,Net Banking
TX1198,EMP034,26706.0,2026-07-17,Cash
TX1199,EMP027,1453.0,2026-07-12,Net Banking
TX1200,EMP002,27925.0,2026-08-01,Cash
TX0981,EMP047,23011.0,2026-08-02,Card
TX1146,EMP050,26888.0,2026-07-22,Net Banking
TX0476,EMP019,4367.0,2026-07-20,Card
TX0893,EMP010,8949.0,2026-08-02,UPI
TX0228,EMP002,4577.0,2026-07-02,UPI
TX0659,EMP007,19983.0,2026-07-28,Cash
TX1106,EMP046,24942.0,2026-07-06,Net Banking
TX0622,EMP047,16328.0,2026-08-10,Card
TX0772,EMP011,19588.0,2026-07-17,Net Banking
TX1096,EMP032,19854.0,2026-07-12,UPI
TX0222,EMP006,21490.0,2026-07-28,Cash
TX0598,EMP030,26299.0,2026-07-13,Net Banking
TX0061,EMP050,2931.0,2026-07-24,UPI
TX1181,EMP037,19720.0,2026-07-30,Card
TX0238,EMP016,3763.0,2026-07-08,Card
TX1050,EMP043,15373.0,2026-07-27,Card
TX0813,EMP019,27474.0,2026-08-08,UPI
TX0253,EMP015,16230.0,2026-07-24,Cash
TX0041,EMP050,16257.0,2026-07-12,UPI
TX0767,EMP041,21890.0,2026-07-31,Net Banking
